{
    "overlap": {
        "(0, 0)": 1.0001264299518708,
        "(0, 1)": 1.0001264299518708,
        "(0, 2)": 0.46927790149937326,
        "(0, 3)": 0.46927790149937326,
        "(1, 1)": 1.0001264299518708,
        "(1, 2)": 0.46927790149937326,
        "(1, 3)": 0.46927790149937326,
        "(2, 2)": 1.0001264299518708,
        "(2, 3)": 1.0001264299518708,
        "(3, 3)": 1.0001264299518708
    },
    "kinetic": {
        "(0, 0)": 1.1609967662097511,
        "(0, 1)": 1.1609967662097511,
        "(0, 2)": 0.26995223746773384,
        "(0, 3)": 0.26995223746773384,
        "(1, 1)": 1.1609967662097511,
        "(1, 2)": 0.26995223746773384,
        "(1, 3)": 0.26995223746773384,
        "(2, 2)": 1.1609967662097511,
        "(2, 3)": 1.1609967662097511,
        "(3, 3)": 1.1609967662097511
    },
    "attraction": {
        "(0, 0)": -7.932664843759318,
        "(0, 1)": -7.932664843759318,
        "(0, 2)": -9.549402452581786,
        "(0, 3)": -9.549402452581786,
        "(1, 1)": -7.932664843759318,
        "(1, 2)": -9.549402452581786,
        "(1, 3)": -9.549402452581786,
        "(2, 2)": -7.932664843759318,
        "(2, 3)": -7.932664843759318,
        "(3, 3)": -7.932664843759318
    },
    "exchange": {
        "(0, 0, 0, 0)": 0.9929040710429119,
        "(0, 0, 0, 1)": 0.9929040710429119,
        "(0, 0, 0, 2)": 0.3939101145126131,
        "(0, 0, 0, 3)": 0.3939101145126131,
        "(0, 0, 1, 1)": 0.9929040710429119,
        "(0, 1, 0, 1)": 0.9929040710429119,
        "(0, 0, 1, 2)": 0.3939101145126131,
        "(0, 1, 0, 2)": 0.3939101145126131,
        "(0, 0, 1, 3)": 0.3939101145126131,
        "(0, 1, 0, 3)": 0.3939101145126131,
        "(0, 2, 0, 1)": 0.3939101145126131,
        "(0, 0, 2, 2)": 0.7263873684629045,
        "(0, 2, 0, 2)": 0.218603791323221,
        "(0, 0, 2, 3)": 0.7263873684629045,
        "(0, 2, 0, 3)": 0.218603791323221,
        "(0, 3, 0, 1)": 0.3939101145126131,
        "(0, 3, 0, 2)": 0.218603791323221,
        "(0, 0, 3, 3)": 0.7263873684629045,
        "(0, 3, 0, 3)": 0.218603791323221,
        "(0, 1, 1, 1)": 0.9929040710429119,
        "(0, 1, 1, 2)": 0.3939101145126131,
        "(0, 1, 1, 3)": 0.3939101145126131,
        "(0, 2, 1, 1)": 0.3939101145126131,
        "(0, 1, 2, 2)": 0.7263873684629045,
        "(0, 2, 1, 2)": 0.218603791323221,
        "(0, 1, 2, 3)": 0.7263873684629045,
        "(0, 2, 1, 3)": 0.218603791323221,
        "(0, 3, 1, 1)": 0.3939101145126131,
        "(0, 3, 1, 2)": 0.218603791323221,
        "(0, 1, 3, 3)": 0.7263873684629045,
        "(0, 3, 1, 3)": 0.218603791323221,
        "(0, 2, 2, 2)": 0.3939101145126131,
        "(0, 2, 2, 3)": 0.3939101145126131,
        "(0, 3, 2, 2)": 0.3939101145126131,
        "(0, 2, 3, 3)": 0.3939101145126131,
        "(0, 3, 2, 3)": 0.3939101145126131,
        "(0, 3, 3, 3)": 0.3939101145126131,
        "(1, 1, 1, 1)": 0.9929040710429119,
        "(1, 1, 1, 2)": 0.3939101145126131,
        "(1, 1, 1, 3)": 0.3939101145126131,
        "(1, 1, 2, 2)": 0.7263873684629045,
        "(1, 2, 1, 2)": 0.218603791323221,
        "(1, 1, 2, 3)": 0.7263873684629045,
        "(1, 2, 1, 3)": 0.218603791323221,
        "(1, 3, 1, 2)": 0.218603791323221,
        "(1, 1, 3, 3)": 0.7263873684629045,
        "(1, 3, 1, 3)": 0.218603791323221,
        "(1, 2, 2, 2)": 0.3939101145126131,
        "(1, 2, 2, 3)": 0.3939101145126131,
        "(1, 3, 2, 2)": 0.3939101145126131,
        "(1, 2, 3, 3)": 0.3939101145126131,
        "(1, 3, 2, 3)": 0.3939101145126131,
        "(1, 3, 3, 3)": 0.3939101145126131,
        "(2, 2, 2, 2)": 0.9929040710429119,
        "(2, 2, 2, 3)": 0.9929040710429119,
        "(2, 2, 3, 3)": 0.9929040710429119,
        "(2, 3, 2, 3)": 0.9929040710429119,
        "(2, 3, 3, 3)": 0.9929040710429119,
        "(3, 3, 3, 3)": 0.9929040710429119
    }
}