{
    "overlap": {
        "(0, 0)": 1.000149315884204,
        "(0, 1)": 1.000149315884204,
        "(0, 2)": 0.6655213967087238,
        "(0, 3)": 0.6655213967087238,
        "(1, 1)": 1.000149315884204,
        "(1, 2)": 0.6655213967087238,
        "(1, 3)": 0.6655213967087238,
        "(2, 2)": 1.000149315884204,
        "(2, 3)": 1.000149315884204,
        "(3, 3)": 1.000149315884204
    },
    "kinetic": {
        "(0, 0)": 0.6249933075865092,
        "(0, 1)": 0.6249933075865092,
        "(0, 2)": 0.30294849506084853,
        "(0, 3)": 0.30294849506084853,
        "(1, 1)": 0.6249933075865092,
        "(1, 2)": 0.30294849506084853,
        "(1, 3)": 0.30294849506084853,
        "(2, 2)": 0.6249933075865092,
        "(2, 3)": 0.6249933075865092,
        "(3, 3)": 0.6249933075865092
    },
    "attraction": {
        "(0, 0)": -9.943124080849893,
        "(0, 1)": -9.943124080849893,
        "(0, 2)": -11.148657174705974,
        "(0, 3)": -11.148657174705974,
        "(1, 1)": -9.943124080849893,
        "(1, 2)": -11.148657174705974,
        "(1, 3)": -11.148657174705974,
        "(2, 2)": -9.943124080849893,
        "(2, 3)": -9.943124080849893,
        "(3, 3)": -9.943124080849893
    },
    "exchange": {
        "(0, 0, 0, 0)": 0.728524860763678,
        "(0, 0, 0, 1)": 0.728524860763678,
        "(0, 0, 0, 2)": 0.441550299931593,
        "(0, 0, 0, 3)": 0.441550299931593,
        "(0, 0, 1, 1)": 0.728524860763678,
        "(0, 1, 0, 1)": 0.728524860763678,
        "(0, 0, 1, 2)": 0.441550299931593,
        "(0, 1, 0, 2)": 0.441550299931593,
        "(0, 0, 1, 3)": 0.441550299931593,
        "(0, 1, 0, 3)": 0.441550299931593,
        "(0, 2, 0, 1)": 0.441550299931593,
        "(0, 0, 2, 2)": 0.608702186405423,
        "(0, 2, 0, 2)": 0.322580965605786,
        "(0, 0, 2, 3)": 0.608702186405423,
        "(0, 2, 0, 3)": 0.322580965605786,
        "(0, 3, 0, 1)": 0.441550299931593,
        "(0, 3, 0, 2)": 0.322580965605786,
        "(0, 0, 3, 3)": 0.608702186405423,
        "(0, 3, 0, 3)": 0.322580965605786,
        "(0, 1, 1, 1)": 0.728524860763678,
        "(0, 1, 1, 2)": 0.441550299931593,
        "(0, 1, 1, 3)": 0.441550299931593,
        "(0, 2, 1, 1)": 0.441550299931593,
        "(0, 1, 2, 2)": 0.608702186405423,
        "(0, 2, 1, 2)": 0.322580965605786,
        "(0, 1, 2, 3)": 0.608702186405423,
        "(0, 2, 1, 3)": 0.322580965605786,
        "(0, 3, 1, 1)": 0.441550299931593,
        "(0, 3, 1, 2)": 0.322580965605786,
        "(0, 1, 3, 3)": 0.608702186405423,
        "(0, 3, 1, 3)": 0.322580965605786,
        "(0, 2, 2, 2)": 0.441550299931593,
        "(0, 2, 2, 3)": 0.441550299931593,
        "(0, 3, 2, 2)": 0.441550299931593,
        "(0, 2, 3, 3)": 0.441550299931593,
        "(0, 3, 2, 3)": 0.441550299931593,
        "(0, 3, 3, 3)": 0.441550299931593,
        "(1, 1, 1, 1)": 0.728524860763678,
        "(1, 1, 1, 2)": 0.441550299931593,
        "(1, 1, 1, 3)": 0.441550299931593,
        "(1, 1, 2, 2)": 0.608702186405423,
        "(1, 2, 1, 2)": 0.322580965605786,
        "(1, 1, 2, 3)": 0.608702186405423,
        "(1, 2, 1, 3)": 0.322580965605786,
        "(1, 3, 1, 2)": 0.322580965605786,
        "(1, 1, 3, 3)": 0.608702186405423,
        "(1, 3, 1, 3)": 0.322580965605786,
        "(1, 2, 2, 2)": 0.441550299931593,
        "(1, 2, 2, 3)": 0.441550299931593,
        "(1, 3, 2, 2)": 0.441550299931593,
        "(1, 2, 3, 3)": 0.441550299931593,
        "(1, 3, 2, 3)": 0.441550299931593,
        "(1, 3, 3, 3)": 0.441550299931593,
        "(2, 2, 2, 2)": 0.728524860763678,
        "(2, 2, 2, 3)": 0.728524860763678,
        "(2, 2, 3, 3)": 0.728524860763678,
        "(2, 3, 2, 3)": 0.728524860763678,
        "(2, 3, 3, 3)": 0.728524860763678,
        "(3, 3, 3, 3)": 0.728524860763678
    }
}