{
    "overlap": {
        "(0, 0)": 1.0001264299518713,
        "(0, 1)": 1.0001264299518713,
        "(1, 1)": 1.0001264299518713
    },
    "kinetic": {
        "(0, 0)": 1.160996766209679,
        "(0, 1)": 1.160996766209679,
        "(1, 1)": 1.160996766209679
    },
    "attraction": {
        "(0, 0)": -2.8080017912774053,
        "(0, 1)": -2.8080017912774053,
        "(1, 1)": -2.8080017912774053
    },
    "exchange": {
        "(0, 0, 0, 0)": 0.9929040710429119,
        "(0, 0, 0, 1)": 0.9929040710429119,
        "(0, 0, 1, 1)": 0.9929040710429119,
        "(0, 1, 0, 1)": 0.9929040710429119,
        "(0, 1, 1, 1)": 0.9929040710429119,
        "(1, 1, 1, 1)": 0.9929040710429119
    }
}